image_id,predicted_class_label
02371.jpg,siamese+cat
00767.jpg,beaver
02360.jpg,chihuahua
00266.jpg,wolf
02450.jpg,pig
01496.jpg,cow
01600.jpg,lion
00847.jpg,mouse
00822.jpg,beaver
00614.jpg,rat
02856.jpg,spider+monkey
02621.jpg,killer+whale
01850.jpg,persian+cat
00878.jpg,spider+monkey
01473.jpg,otter
00091.jpg,dolphin
01713.jpg,spider+monkey
01306.jpg,seal
00838.jpg,siamese+cat
01760.jpg,lion
02600.jpg,hamster
00296.jpg,chihuahua
01000.jpg,mouse
01445.jpg,hippopotamus
01179.jpg,german+shepherd
02179.jpg,mole
00219.jpg,chihuahua
02567.jpg,spider+monkey
02327.jpg,dolphin
02817.jpg,otter
01029.jpg,deer
00130.jpg,chihuahua
00460.jpg,rat
00254.jpg,antelope
00884.jpg,elephant
02585.jpg,german+shepherd
01329.jpg,seal
00706.jpg,chihuahua
00896.jpg,spider+monkey
00160.jpg,deer
02085.jpg,walrus
01173.jpg,spider+monkey
00109.jpg,rat
02787.jpg,wolf
02880.jpg,ox
02696.jpg,pig
00111.jpg,zebra
01081.jpg,giraffe
02997.jpg,chihuahua
01779.jpg,spider+monkey
01728.jpg,skunk
02418.jpg,weasel
00056.jpg,deer
02308.jpg,hamster
02392.jpg,weasel
01978.jpg,mole
02238.jpg,siamese+cat
01093.jpg,giant+panda
02686.jpg,hamster
01307.jpg,hippopotamus
02774.jpg,chimpanzee
00030.jpg,hippopotamus
01133.jpg,deer
00907.jpg,walrus
02099.jpg,tiger
01616.jpg,seal
00944.jpg,walrus
01045.jpg,wolf
02201.jpg,wolf
01980.jpg,raccoon
00942.jpg,walrus
00680.jpg,hamster
02432.jpg,spider+monkey
01864.jpg,chihuahua
01683.jpg,wolf
00938.jpg,hamster
01643.jpg,hamster
02670.jpg,gorilla
02191.jpg,skunk
00571.jpg,chihuahua
01535.jpg,spider+monkey
00808.jpg,giraffe
01809.jpg,bobcat
00340.jpg,german+shepherd
02313.jpg,antelope
01017.jpg,lion
02809.jpg,spider+monkey
00074.jpg,spider+monkey
02310.jpg,dolphin
00009.jpg,spider+monkey
00530.jpg,german+shepherd
00361.jpg,elephant
02611.jpg,walrus
01194.jpg,mouse
01921.jpg,raccoon
01487.jpg,giraffe
01886.jpg,spider+monkey
01406.jpg,deer
01151.jpg,wolf
02266.jpg,hamster
00308.jpg,chihuahua
01071.jpg,bobcat
02757.jpg,deer
01001.jpg,wolf
02119.jpg,bat
01547.jpg,hamster
02984.jpg,weasel
02457.jpg,spider+monkey
00580.jpg,bobcat
02212.jpg,rat
00439.jpg,wolf
01458.jpg,lion
02118.jpg,spider+monkey
00161.jpg,otter
02605.jpg,ox
02541.jpg,spider+monkey
00377.jpg,tiger
01137.jpg,chihuahua
01861.jpg,humpback+whale
01888.jpg,weasel
02367.jpg,ox
01149.jpg,pig
01672.jpg,weasel
01727.jpg,seal
00802.jpg,ox
00215.jpg,walrus
02639.jpg,weasel
00116.jpg,mole
01420.jpg,giraffe
02048.jpg,blue+whale
00681.jpg,deer
01906.jpg,german+shepherd
00081.jpg,dolphin
00280.jpg,deer
01963.jpg,wolf
02783.jpg,buffalo
00428.jpg,spider+monkey
01067.jpg,raccoon
01212.jpg,hamster
01777.jpg,antelope
02349.jpg,chihuahua
02066.jpg,gorilla
01139.jpg,mouse
00468.jpg,skunk
00324.jpg,siamese+cat
02775.jpg,chihuahua
01862.jpg,killer+whale
01569.jpg,dalmatian
00976.jpg,bat
00694.jpg,chihuahua
00596.jpg,mole
00787.jpg,weasel
02714.jpg,humpback+whale
01718.jpg,raccoon
02325.jpg,deer
02914.jpg,grizzly+bear
00879.jpg,antelope
02724.jpg,beaver
00316.jpg,buffalo
00269.jpg,leopard
00364.jpg,ox
01662.jpg,hamster
00299.jpg,lion
02094.jpg,german+shepherd
02184.jpg,deer
02673.jpg,polar+bear
01596.jpg,bobcat
00754.jpg,rat
00983.jpg,deer
01901.jpg,otter
00872.jpg,beaver
02278.jpg,pig
02279.jpg,mouse
02209.jpg,tiger
00743.jpg,deer
02396.jpg,ox
01413.jpg,skunk
00560.jpg,raccoon
02897.jpg,ox
02814.jpg,chihuahua
00386.jpg,cow
01215.jpg,spider+monkey
00498.jpg,hamster
00581.jpg,leopard
01123.jpg,deer
02270.jpg,buffalo
02168.jpg,tiger
01068.jpg,rat
02205.jpg,german+shepherd
02954.jpg,hippopotamus
01118.jpg,siamese+cat
02281.jpg,buffalo
00629.jpg,giant+panda
00795.jpg,spider+monkey
00995.jpg,ox
01410.jpg,raccoon
00784.jpg,pig
00785.jpg,zebra
01847.jpg,german+shepherd
01250.jpg,bobcat
02470.jpg,german+shepherd
01284.jpg,killer+whale
00516.jpg,ox
01065.jpg,elephant
02761.jpg,cow
01387.jpg,mole
01876.jpg,german+shepherd
00936.jpg,mole
02163.jpg,deer
02837.jpg,ox
01336.jpg,polar+bear
01274.jpg,humpback+whale
01678.jpg,raccoon
02949.jpg,persian+cat
00363.jpg,spider+monkey
01340.jpg,dalmatian
01283.jpg,spider+monkey
00950.jpg,cow
01738.jpg,german+shepherd
01094.jpg,otter
02291.jpg,weasel
01097.jpg,ox
02618.jpg,hippopotamus
01155.jpg,raccoon
00413.jpg,cow
02715.jpg,spider+monkey
02900.jpg,killer+whale
00893.jpg,bobcat
01131.jpg,zebra
02226.jpg,elephant
01175.jpg,grizzly+bear
01415.jpg,skunk
00237.jpg,tiger
00381.jpg,chihuahua
01646.jpg,chimpanzee
01614.jpg,dalmatian
02864.jpg,antelope
00617.jpg,bobcat
02750.jpg,killer+whale
02675.jpg,seal
01996.jpg,wolf
00359.jpg,buffalo
01971.jpg,skunk
01992.jpg,hippopotamus
01964.jpg,skunk
01156.jpg,leopard
01374.jpg,pig
01908.jpg,skunk
00411.jpg,zebra
02848.jpg,weasel
01354.jpg,antelope
00023.jpg,deer
01815.jpg,chihuahua
02336.jpg,leopard
01894.jpg,spider+monkey
00873.jpg,walrus
01597.jpg,deer
01172.jpg,tiger
00887.jpg,chihuahua
00387.jpg,humpback+whale
01234.jpg,dalmatian
01953.jpg,giraffe
00678.jpg,spider+monkey
00380.jpg,wolf
02240.jpg,humpback+whale
01947.jpg,polar+bear
00107.jpg,mole
02957.jpg,lion
01136.jpg,giant+panda
00357.jpg,hamster
01747.jpg,deer
01823.jpg,tiger
02260.jpg,rat
00549.jpg,beaver
00624.jpg,dolphin
00798.jpg,persian+cat
02089.jpg,lion
02206.jpg,deer
00511.jpg,tiger
00816.jpg,rat
02933.jpg,spider+monkey
00179.jpg,giraffe
00900.jpg,deer
02553.jpg,walrus
00328.jpg,seal
02990.jpg,wolf
01408.jpg,german+shepherd
02705.jpg,persian+cat
01095.jpg,cow
02105.jpg,buffalo
00660.jpg,collie
00899.jpg,polar+bear
01176.jpg,spider+monkey
00349.jpg,rat
01106.jpg,ox
02375.jpg,siamese+cat
00252.jpg,pig
00196.jpg,tiger
01132.jpg,leopard
00076.jpg,chihuahua
00234.jpg,elephant
02679.jpg,deer
00968.jpg,spider+monkey
01624.jpg,ox
01530.jpg,otter
02178.jpg,humpback+whale
00687.jpg,antelope
02546.jpg,cow
00485.jpg,hamster
01298.jpg,giraffe
00037.jpg,hippopotamus
00465.jpg,spider+monkey
00853.jpg,skunk
02870.jpg,german+shepherd
01018.jpg,chihuahua
02476.jpg,mole
00198.jpg,killer+whale
00247.jpg,dalmatian
02881.jpg,deer
00512.jpg,leopard
02797.jpg,spider+monkey
00195.jpg,weasel
00332.jpg,cow
01209.jpg,spider+monkey
01827.jpg,giraffe
00852.jpg,walrus
02283.jpg,rat
00695.jpg,ox
01550.jpg,deer
01782.jpg,lion
02121.jpg,cow
01088.jpg,deer
00653.jpg,elephant
00397.jpg,hamster
00260.jpg,walrus
00278.jpg,chihuahua
01158.jpg,chimpanzee
02531.jpg,ox
00049.jpg,bobcat
01796.jpg,pig
02257.jpg,leopard
02009.jpg,spider+monkey
02662.jpg,pig
00789.jpg,wolf
01368.jpg,pig
01384.jpg,otter
01899.jpg,antelope
01589.jpg,hippopotamus
01529.jpg,killer+whale
00020.jpg,hamster
00051.jpg,deer
01499.jpg,wolf
02174.jpg,skunk
00689.jpg,seal
02781.jpg,hippopotamus
01948.jpg,gorilla
00004.jpg,chimpanzee
01627.jpg,killer+whale
00583.jpg,chihuahua
01838.jpg,cow
02824.jpg,german+shepherd
01510.jpg,dolphin
02445.jpg,chihuahua
02027.jpg,seal
01905.jpg,grizzly+bear
01275.jpg,chihuahua
02329.jpg,chihuahua
02756.jpg,elephant
01076.jpg,tiger
01490.jpg,seal
02426.jpg,antelope
02858.jpg,german+shepherd
00496.jpg,humpback+whale
01439.jpg,skunk
02399.jpg,german+shepherd
01377.jpg,gorilla
02660.jpg,giraffe
00608.jpg,wolf
01734.jpg,zebra
01942.jpg,cow
01937.jpg,buffalo
02735.jpg,siamese+cat
01418.jpg,deer
00177.jpg,pig
01509.jpg,wolf
02007.jpg,cow
00442.jpg,tiger
00475.jpg,dalmatian
02185.jpg,wolf
00346.jpg,chihuahua
01102.jpg,raccoon
01397.jpg,rat
02504.jpg,hippopotamus
00531.jpg,skunk
00431.jpg,weasel
01611.jpg,mole
00573.jpg,rat
01801.jpg,giraffe
01786.jpg,mouse
00858.jpg,grizzly+bear
01981.jpg,chihuahua
00226.jpg,siamese+cat
00769.jpg,german+shepherd
01618.jpg,german+shepherd
02011.jpg,persian+cat
01619.jpg,chihuahua
00022.jpg,ox
02437.jpg,ox
00069.jpg,seal
01184.jpg,deer
01773.jpg,zebra
01998.jpg,wolf
01854.jpg,pig
00943.jpg,antelope
00207.jpg,tiger
02693.jpg,rat
02719.jpg,bobcat
01645.jpg,mole
02156.jpg,giraffe
01955.jpg,killer+whale
02938.jpg,giraffe
02025.jpg,giant+panda
00776.jpg,bobcat
01103.jpg,ox
02115.jpg,dolphin
02256.jpg,killer+whale
00034.jpg,rat
02003.jpg,tiger
02973.jpg,skunk
02965.jpg,pig
02518.jpg,giraffe
01502.jpg,hamster
01105.jpg,spider+monkey
01775.jpg,german+shepherd
02835.jpg,polar+bear
01193.jpg,seal
01566.jpg,tiger
02420.jpg,pig
02738.jpg,humpback+whale
01421.jpg,zebra
02982.jpg,polar+bear
01218.jpg,beaver
02428.jpg,walrus
00333.jpg,leopard
00748.jpg,hamster
00890.jpg,mouse
00641.jpg,lion
02417.jpg,german+shepherd
01653.jpg,grizzly+bear
02855.jpg,beaver
01358.jpg,ox
00270.jpg,chihuahua
00782.jpg,chihuahua
01849.jpg,blue+whale
00892.jpg,mole
02039.jpg,humpback+whale
00277.jpg,giant+panda
02265.jpg,wolf
02776.jpg,seal
01322.jpg,pig
00028.jpg,buffalo
02655.jpg,rat
02888.jpg,polar+bear
02580.jpg,rat
02570.jpg,chihuahua
00132.jpg,spider+monkey
02586.jpg,humpback+whale
02638.jpg,zebra
01680.jpg,mouse
00974.jpg,mouse
00740.jpg,humpback+whale
00745.jpg,spider+monkey
02590.jpg,dalmatian
00704.jpg,leopard
00871.jpg,dolphin
01625.jpg,spider+monkey
02400.jpg,chihuahua
02932.jpg,cow
02544.jpg,leopard
00946.jpg,cow
00459.jpg,spider+monkey
02851.jpg,spider+monkey
00038.jpg,spider+monkey
02597.jpg,hippopotamus
01467.jpg,giant+panda
01559.jpg,german+shepherd
00052.jpg,german+shepherd
01069.jpg,humpback+whale
01774.jpg,chihuahua
01767.jpg,giant+panda
00735.jpg,spider+monkey
01811.jpg,rat
00984.jpg,walrus
01038.jpg,tiger
00129.jpg,bat
01481.jpg,hippopotamus
00453.jpg,hippopotamus
01160.jpg,buffalo
00924.jpg,cow
00965.jpg,spider+monkey
02064.jpg,giant+panda
02233.jpg,mole
02194.jpg,dolphin
00444.jpg,leopard
00763.jpg,blue+whale
02159.jpg,tiger
02583.jpg,german+shepherd
00390.jpg,otter
01239.jpg,mole
02342.jpg,deer
00284.jpg,elephant
02811.jpg,polar+bear
02472.jpg,cow
01671.jpg,persian+cat
02934.jpg,spider+monkey
00345.jpg,cow
01191.jpg,mouse
00720.jpg,humpback+whale
00143.jpg,mole
00351.jpg,persian+cat
02857.jpg,buffalo
01868.jpg,rat
00663.jpg,killer+whale
02021.jpg,persian+cat
01214.jpg,ox
01286.jpg,deer
02421.jpg,chihuahua
02926.jpg,buffalo
02208.jpg,spider+monkey
01277.jpg,lion
00998.jpg,beaver
02677.jpg,killer+whale
02331.jpg,gorilla
01568.jpg,giraffe
00746.jpg,cow
00455.jpg,ox
00285.jpg,wolf
02722.jpg,bobcat
00311.jpg,skunk
02571.jpg,ox
01878.jpg,cow
01146.jpg,mole
00235.jpg,dalmatian
01228.jpg,deer
01668.jpg,chihuahua
00046.jpg,humpback+whale
00910.jpg,elephant
02475.jpg,spider+monkey
01006.jpg,chihuahua
01016.jpg,deer
02556.jpg,rat
00073.jpg,elephant
02427.jpg,tiger
02944.jpg,cow
01447.jpg,cow
02074.jpg,pig
01449.jpg,grizzly+bear
02485.jpg,hamster
00753.jpg,hippopotamus
00275.jpg,weasel
02924.jpg,beaver
01161.jpg,siamese+cat
00725.jpg,wolf
01117.jpg,elephant
01233.jpg,spider+monkey
00626.jpg,walrus
01533.jpg,cow
00315.jpg,siamese+cat
02284.jpg,gorilla
01957.jpg,raccoon
02843.jpg,spider+monkey
00320.jpg,weasel
01150.jpg,pig
01003.jpg,persian+cat
00419.jpg,beaver
00554.jpg,otter
02861.jpg,wolf
02254.jpg,beaver
02634.jpg,chihuahua
01648.jpg,rat
02366.jpg,cow
01634.jpg,persian+cat
02464.jpg,spider+monkey
02993.jpg,spider+monkey
01985.jpg,skunk
00410.jpg,spider+monkey
02275.jpg,spider+monkey
00182.jpg,hamster
02894.jpg,spider+monkey
02215.jpg,spider+monkey
00765.jpg,beaver
01223.jpg,german+shepherd
01376.jpg,dalmatian
01872.jpg,ox
00595.jpg,hamster
01603.jpg,cow
00605.jpg,mole
02309.jpg,gorilla
01127.jpg,giant+panda
02096.jpg,spider+monkey
02403.jpg,chihuahua
01551.jpg,wolf
01855.jpg,walrus
00972.jpg,bobcat
02252.jpg,pig
01617.jpg,rat
00945.jpg,spider+monkey
00062.jpg,pig
02818.jpg,siamese+cat
01521.jpg,killer+whale
01423.jpg,deer
00634.jpg,pig
01594.jpg,seal
00228.jpg,weasel
02374.jpg,chihuahua
02602.jpg,skunk
01943.jpg,hippopotamus
02829.jpg,wolf
00087.jpg,cow
01318.jpg,dalmatian
00003.jpg,rat
02493.jpg,ox
01922.jpg,spider+monkey
02312.jpg,pig
00199.jpg,wolf
00137.jpg,deer
02978.jpg,chihuahua
00625.jpg,ox
02995.jpg,weasel
02024.jpg,chihuahua
02770.jpg,chihuahua
00843.jpg,bat
01264.jpg,giraffe
00699.jpg,pig
02798.jpg,walrus
02175.jpg,wolf
02936.jpg,chimpanzee
01684.jpg,antelope
00922.jpg,lion
01554.jpg,rat
00164.jpg,spider+monkey
01615.jpg,deer
02972.jpg,bobcat
02551.jpg,walrus
01750.jpg,killer+whale
01719.jpg,antelope
01676.jpg,pig
00568.jpg,mole
01677.jpg,german+shepherd
00916.jpg,mouse
00092.jpg,mole
01026.jpg,pig
00253.jpg,humpback+whale
00072.jpg,hippopotamus
01797.jpg,chihuahua
00312.jpg,spider+monkey
01489.jpg,cow
00178.jpg,humpback+whale
00937.jpg,antelope
01949.jpg,hippopotamus
00666.jpg,ox
00425.jpg,mouse
02442.jpg,skunk
02883.jpg,mouse
02070.jpg,chihuahua
00655.jpg,pig
01187.jpg,mouse
00110.jpg,wolf
01836.jpg,spider+monkey
01231.jpg,hippopotamus
00220.jpg,ox
01058.jpg,mouse
00780.jpg,rat
02126.jpg,hamster
02339.jpg,beaver
02140.jpg,spider+monkey
00730.jpg,deer
02569.jpg,grizzly+bear
00817.jpg,walrus
02603.jpg,cow
00906.jpg,bat
02473.jpg,walrus
01856.jpg,buffalo
02317.jpg,otter
02148.jpg,pig
00331.jpg,gorilla
00514.jpg,spider+monkey
02494.jpg,siamese+cat
02210.jpg,seal
00014.jpg,siamese+cat
00105.jpg,antelope
01837.jpg,zebra
00833.jpg,deer
02899.jpg,spider+monkey
02927.jpg,raccoon
00095.jpg,buffalo
01246.jpg,rat
01020.jpg,grizzly+bear
00996.jpg,deer
01084.jpg,rat
02015.jpg,beaver
01696.jpg,humpback+whale
00954.jpg,chihuahua
01486.jpg,dalmatian
01100.jpg,dalmatian
00279.jpg,rat
01171.jpg,wolf
02006.jpg,dalmatian
01431.jpg,seal
01588.jpg,walrus
00309.jpg,spider+monkey
02777.jpg,beaver
00407.jpg,dalmatian
02801.jpg,chihuahua
00462.jpg,cow
02365.jpg,seal
02882.jpg,weasel
02456.jpg,hamster
00739.jpg,hamster
00246.jpg,chihuahua
01913.jpg,leopard
01352.jpg,antelope
01273.jpg,raccoon
01695.jpg,seal
02780.jpg,weasel
01519.jpg,grizzly+bear
01002.jpg,spider+monkey
01874.jpg,dalmatian
00064.jpg,ox
01539.jpg,grizzly+bear
02700.jpg,bat
00259.jpg,tiger
00144.jpg,chihuahua
00881.jpg,hamster
00042.jpg,cow
00268.jpg,cow
02822.jpg,mouse
02744.jpg,siamese+cat
00951.jpg,giant+panda
00564.jpg,chimpanzee
01852.jpg,polar+bear
02389.jpg,otter
00561.jpg,deer
02588.jpg,seal
00418.jpg,tiger
02424.jpg,bobcat
01288.jpg,persian+cat
00060.jpg,bobcat
00507.jpg,siamese+cat
01689.jpg,spider+monkey
02727.jpg,humpback+whale
00925.jpg,spider+monkey
01602.jpg,humpback+whale
02259.jpg,zebra
02799.jpg,spider+monkey
01259.jpg,persian+cat
01319.jpg,chihuahua
01522.jpg,ox
00273.jpg,ox
02335.jpg,wolf
01227.jpg,weasel
01164.jpg,mouse
01629.jpg,pig
00869.jpg,rat
02488.jpg,lion
02143.jpg,siamese+cat
02595.jpg,mole
01159.jpg,ox
00855.jpg,mole
02667.jpg,grizzly+bear
00298.jpg,deer
00189.jpg,killer+whale
02369.jpg,pig
01558.jpg,walrus
01593.jpg,skunk
00813.jpg,cow
01395.jpg,wolf
00166.jpg,chihuahua
01411.jpg,blue+whale
02380.jpg,zebra
01800.jpg,pig
02706.jpg,dolphin
00804.jpg,hippopotamus
02157.jpg,elephant
02404.jpg,rat
02125.jpg,cow
01186.jpg,otter
00106.jpg,ox
00089.jpg,antelope
00805.jpg,antelope
01859.jpg,deer
00781.jpg,spider+monkey
01995.jpg,persian+cat
02062.jpg,chihuahua
00727.jpg,beaver
00756.jpg,elephant
01386.jpg,spider+monkey
00506.jpg,hippopotamus
02000.jpg,siamese+cat
01422.jpg,pig
02268.jpg,grizzly+bear
02950.jpg,chihuahua
01986.jpg,wolf
02091.jpg,mouse
01724.jpg,spider+monkey
00019.jpg,cow
02847.jpg,dolphin
02495.jpg,bat
00959.jpg,wolf
01125.jpg,dolphin
02165.jpg,deer
02790.jpg,walrus
00347.jpg,pig
02053.jpg,german+shepherd
02217.jpg,dalmatian
01851.jpg,ox
01299.jpg,antelope
01270.jpg,wolf
02711.jpg,cow
02516.jpg,siamese+cat
00334.jpg,mouse
02443.jpg,chihuahua
00856.jpg,mouse
02800.jpg,german+shepherd
01091.jpg,wolf
00303.jpg,chihuahua
02921.jpg,spider+monkey
02133.jpg,spider+monkey
01199.jpg,mole
02908.jpg,chimpanzee
01638.jpg,grizzly+bear
02186.jpg,pig
01819.jpg,chimpanzee
00255.jpg,persian+cat
00029.jpg,chihuahua
00705.jpg,spider+monkey
01062.jpg,chihuahua
00522.jpg,blue+whale
00971.jpg,ox
01464.jpg,german+shepherd
00158.jpg,wolf
01167.jpg,wolf
01140.jpg,persian+cat
01621.jpg,killer+whale
01585.jpg,wolf
01660.jpg,mouse
02671.jpg,hippopotamus
00467.jpg,mole
02819.jpg,killer+whale
01758.jpg,seal
01314.jpg,elephant
01147.jpg,bat
01053.jpg,deer
00815.jpg,raccoon
00021.jpg,tiger
00181.jpg,antelope
02416.jpg,cow
00194.jpg,mole
02187.jpg,deer
01169.jpg,german+shepherd
01353.jpg,chihuahua
00185.jpg,spider+monkey
01979.jpg,german+shepherd
02636.jpg,elephant
02889.jpg,deer
02653.jpg,gorilla
02517.jpg,ox
00489.jpg,german+shepherd
02988.jpg,ox
02067.jpg,weasel
02594.jpg,grizzly+bear
02647.jpg,rat
00341.jpg,spider+monkey
02945.jpg,elephant
02001.jpg,dolphin
02499.jpg,german+shepherd
01063.jpg,walrus
01665.jpg,bat
00810.jpg,german+shepherd
01130.jpg,otter
00646.jpg,seal
02316.jpg,dalmatian
01271.jpg,giant+panda
02748.jpg,killer+whale
01962.jpg,rat
01562.jpg,spider+monkey
01494.jpg,bat
00463.jpg,raccoon
00649.jpg,hippopotamus
01433.jpg,rat
01818.jpg,bat
01555.jpg,tiger
00499.jpg,hippopotamus
02751.jpg,pig
02961.jpg,skunk
02909.jpg,ox
02116.jpg,humpback+whale
01548.jpg,chihuahua
02885.jpg,deer
00692.jpg,deer
00963.jpg,giant+panda
01744.jpg,lion
01722.jpg,wolf
00654.jpg,hippopotamus
02387.jpg,gorilla
00956.jpg,walrus
00482.jpg,cow
02160.jpg,deer
02508.jpg,ox
02969.jpg,mouse
02253.jpg,giant+panda
01247.jpg,elephant
02042.jpg,chihuahua
02181.jpg,ox
00721.jpg,bat
00388.jpg,deer
01321.jpg,ox
02601.jpg,giant+panda
01330.jpg,otter
00007.jpg,collie
00682.jpg,grizzly+bear
00990.jpg,gorilla
00342.jpg,giant+panda
01188.jpg,chihuahua
01582.jpg,deer
00914.jpg,bat
00903.jpg,wolf
01659.jpg,deer
03000.jpg,skunk
01245.jpg,rat
00806.jpg,otter
02173.jpg,zebra
02589.jpg,wolf
01263.jpg,deer
01024.jpg,killer+whale
01726.jpg,deer
01803.jpg,zebra
01598.jpg,spider+monkey
00305.jpg,hamster
00648.jpg,cow
00985.jpg,tiger
01993.jpg,wolf
02383.jpg,spider+monkey
02455.jpg,elephant
00294.jpg,chihuahua
00777.jpg,grizzly+bear
02466.jpg,pig
00517.jpg,cow
00935.jpg,deer
01126.jpg,bat
00150.jpg,bat
00913.jpg,deer
01389.jpg,pig
02542.jpg,weasel
00385.jpg,gorilla
01475.jpg,buffalo
01425.jpg,giraffe
00466.jpg,pig
01419.jpg,elephant
00033.jpg,persian+cat
02235.jpg,pig
01866.jpg,ox
02537.jpg,spider+monkey
02192.jpg,ox
01138.jpg,cow
02103.jpg,elephant
00027.jpg,chihuahua
01642.jpg,deer
02507.jpg,wolf
01945.jpg,deer
00456.jpg,spider+monkey
00394.jpg,deer
01110.jpg,chimpanzee
02509.jpg,german+shepherd
01462.jpg,giraffe
02385.jpg,mole
01693.jpg,rat
00165.jpg,dalmatian
01337.jpg,otter
01748.jpg,gorilla
00006.jpg,persian+cat
02285.jpg,raccoon
01534.jpg,hippopotamus
02769.jpg,bat
00300.jpg,leopard
02555.jpg,siamese+cat
01165.jpg,weasel
02388.jpg,german+shepherd
00886.jpg,siamese+cat
02438.jpg,german+shepherd
01059.jpg,chihuahua
02794.jpg,wolf
02654.jpg,leopard
01867.jpg,spider+monkey
00632.jpg,ox
00551.jpg,chihuahua
01401.jpg,cow
02061.jpg,spider+monkey
00601.jpg,cow
02703.jpg,buffalo
01649.jpg,cow
02041.jpg,cow
02249.jpg,skunk
02902.jpg,walrus
01346.jpg,ox
00495.jpg,otter
02373.jpg,deer
02134.jpg,cow
01042.jpg,hippopotamus
02398.jpg,antelope
01917.jpg,beaver
01437.jpg,mouse
02795.jpg,cow
01248.jpg,spider+monkey
00217.jpg,gorilla
02337.jpg,ox
00183.jpg,zebra
01877.jpg,spider+monkey
01916.jpg,weasel
02685.jpg,german+shepherd
00288.jpg,zebra
01793.jpg,hamster
01880.jpg,humpback+whale
01528.jpg,deer
02330.jpg,lion
00611.jpg,deer
00819.jpg,gorilla
02678.jpg,lion
01853.jpg,buffalo
02538.jpg,pig
01121.jpg,tiger
00894.jpg,rat
02434.jpg,cow
01181.jpg,ox
02368.jpg,spider+monkey
02859.jpg,hamster
01232.jpg,polar+bear
01755.jpg,rat
02471.jpg,rat
02860.jpg,cow
01327.jpg,tiger
00635.jpg,bat
01221.jpg,mole
01331.jpg,antelope
02721.jpg,lion
02340.jpg,ox
02707.jpg,mouse
01414.jpg,elephant
02625.jpg,walrus
01478.jpg,rat
02029.jpg,antelope
00430.jpg,deer
00671.jpg,leopard
02568.jpg,mole
01375.jpg,killer+whale
00973.jpg,elephant
00339.jpg,spider+monkey
02162.jpg,skunk
01666.jpg,persian+cat
00011.jpg,spider+monkey
01802.jpg,antelope
00636.jpg,seal
01134.jpg,seal
02441.jpg,otter
02759.jpg,german+shepherd
02637.jpg,chihuahua
00952.jpg,chihuahua
01578.jpg,dolphin
02031.jpg,ox
00065.jpg,chihuahua
02549.jpg,siamese+cat
02166.jpg,otter
02451.jpg,bat
00615.jpg,buffalo
02680.jpg,german+shepherd
00059.jpg,dolphin
02299.jpg,german+shepherd
02734.jpg,bobcat
02623.jpg,hippopotamus
00384.jpg,dolphin
01607.jpg,raccoon
00722.jpg,deer
00372.jpg,german+shepherd
02563.jpg,ox
00683.jpg,skunk
01037.jpg,raccoon
00171.jpg,rat
00679.jpg,spider+monkey
02591.jpg,lion
00702.jpg,cow
01369.jpg,tiger
01255.jpg,pig
00609.jpg,leopard
01008.jpg,seal
01409.jpg,humpback+whale
01784.jpg,beaver
02225.jpg,rat
00242.jpg,weasel
00415.jpg,elephant
02231.jpg,chimpanzee
00628.jpg,siamese+cat
02803.jpg,polar+bear
00402.jpg,spider+monkey
01508.jpg,rat
00159.jpg,tiger
01787.jpg,chihuahua
02635.jpg,tiger
01371.jpg,pig
01198.jpg,zebra
02436.jpg,persian+cat
00156.jpg,humpback+whale
02236.jpg,spider+monkey
01219.jpg,giraffe
00176.jpg,ox
00008.jpg,ox
00486.jpg,chihuahua
02425.jpg,pig
00569.jpg,spider+monkey
02282.jpg,dalmatian
02554.jpg,killer+whale
02543.jpg,mole
02520.jpg,rat
02344.jpg,weasel
01737.jpg,elephant
00343.jpg,ox
02743.jpg,rat
01310.jpg,gorilla
02158.jpg,pig
02182.jpg,bobcat
01204.jpg,grizzly+bear
02826.jpg,chihuahua
00627.jpg,ox
00104.jpg,tiger
01372.jpg,raccoon
01143.jpg,deer
02788.jpg,chimpanzee
00471.jpg,bobcat
00500.jpg,chihuahua
00696.jpg,grizzly+bear
00521.jpg,hippopotamus
00639.jpg,chihuahua
01639.jpg,wolf
00775.jpg,chihuahua
00173.jpg,otter
00734.jpg,elephant
02459.jpg,spider+monkey
01556.jpg,cow
00416.jpg,leopard
01296.jpg,elephant
02943.jpg,humpback+whale
01280.jpg,dolphin
00643.jpg,beaver
02415.jpg,deer
01252.jpg,dolphin
01824.jpg,cow
01128.jpg,pig
02297.jpg,pig
02144.jpg,ox
00258.jpg,wolf
00940.jpg,chihuahua
00619.jpg,hippopotamus
02059.jpg,spider+monkey
01345.jpg,mole
02620.jpg,deer
00545.jpg,spider+monkey
02040.jpg,chihuahua
01362.jpg,chihuahua
02227.jpg,elephant
02665.jpg,cow
01031.jpg,giraffe
01480.jpg,spider+monkey
00378.jpg,buffalo
00834.jpg,elephant
02245.jpg,lion
01794.jpg,pig
00476.jpg,polar+bear
02429.jpg,dalmatian
00542.jpg,bat
01745.jpg,spider+monkey
01907.jpg,pig
00901.jpg,humpback+whale
02073.jpg,killer+whale
01320.jpg,giant+panda
01975.jpg,spider+monkey
01839.jpg,mouse
00201.jpg,buffalo
02633.jpg,spider+monkey
01089.jpg,weasel
01382.jpg,spider+monkey
01116.jpg,deer
00926.jpg,lion
02305.jpg,hippopotamus
00249.jpg,spider+monkey
00790.jpg,grizzly+bear
00043.jpg,dalmatian
00993.jpg,pig
01364.jpg,ox
02663.jpg,gorilla
02832.jpg,buffalo
02255.jpg,killer+whale
02853.jpg,hippopotamus
02740.jpg,chihuahua
01465.jpg,elephant
01565.jpg,ox
01965.jpg,antelope
00762.jpg,ox
01883.jpg,german+shepherd
00440.jpg,spider+monkey
02019.jpg,killer+whale
00700.jpg,beaver
01652.jpg,bobcat
00122.jpg,german+shepherd
02876.jpg,weasel
01235.jpg,wolf
00057.jpg,gorilla
00427.jpg,lion
02581.jpg,skunk
00593.jpg,ox
00086.jpg,wolf
02501.jpg,dalmatian
00238.jpg,pig
01881.jpg,pig
02314.jpg,wolf
01897.jpg,ox
01902.jpg,ox
01493.jpg,buffalo
01820.jpg,antelope
01505.jpg,zebra
02171.jpg,elephant
00291.jpg,cow
00325.jpg,persian+cat
00796.jpg,dolphin
01705.jpg,wolf
00844.jpg,mouse
02710.jpg,spider+monkey
01885.jpg,walrus
01500.jpg,beaver
01261.jpg,pig
01256.jpg,persian+cat
01388.jpg,deer
02110.jpg,ox
02968.jpg,zebra
02489.jpg,tiger
02836.jpg,hamster
02778.jpg,deer
02716.jpg,skunk
02290.jpg,pig
02050.jpg,giant+panda
01761.jpg,giraffe
00422.jpg,chimpanzee
02463.jpg,persian+cat
01626.jpg,killer+whale
00585.jpg,persian+cat
00848.jpg,chihuahua
00187.jpg,leopard
01764.jpg,skunk
00801.jpg,leopard
00570.jpg,rat
00435.jpg,raccoon
01049.jpg,zebra
02480.jpg,elephant
02153.jpg,ox
00044.jpg,skunk
00997.jpg,cow
02069.jpg,rat
02127.jpg,raccoon
01870.jpg,polar+bear
01873.jpg,lion
00710.jpg,deer
01339.jpg,weasel
00090.jpg,ox
02747.jpg,ox
02161.jpg,wolf
01572.jpg,skunk
01077.jpg,chihuahua
01122.jpg,mole
00868.jpg,cow
02532.jpg,german+shepherd
02609.jpg,giraffe
02496.jpg,buffalo
00477.jpg,hamster
00977.jpg,antelope
02854.jpg,hippopotamus
01403.jpg,otter
00597.jpg,beaver
02579.jpg,ox
00097.jpg,leopard
02071.jpg,otter
01022.jpg,skunk
00867.jpg,deer
00197.jpg,polar+bear
01457.jpg,deer
00403.jpg,cow
00162.jpg,spider+monkey
00409.jpg,skunk
01292.jpg,skunk
01911.jpg,deer
02643.jpg,wolf
01366.jpg,elephant
01620.jpg,buffalo
02449.jpg,elephant
01790.jpg,giraffe
01012.jpg,buffalo
02641.jpg,spider+monkey
01027.jpg,wolf
00274.jpg,raccoon
01988.jpg,raccoon
00441.jpg,weasel
02228.jpg,rat
00535.jpg,rat
00929.jpg,ox
00749.jpg,mouse
00208.jpg,hippopotamus
01104.jpg,polar+bear
01752.jpg,spider+monkey
01946.jpg,chihuahua
00562.jpg,dolphin
02355.jpg,polar+bear
02970.jpg,deer
00828.jpg,lion
02992.jpg,rat
01822.jpg,spider+monkey
01023.jpg,dalmatian
00839.jpg,elephant
02326.jpg,spider+monkey
02557.jpg,giant+panda
02674.jpg,gorilla
00715.jpg,chihuahua
02251.jpg,blue+whale
01257.jpg,spider+monkey
01936.jpg,blue+whale
01623.jpg,ox
01714.jpg,humpback+whale
02093.jpg,seal
02362.jpg,cow
02343.jpg,walrus
01704.jpg,bobcat
00421.jpg,raccoon
02593.jpg,wolf
01732.jpg,bobcat
01804.jpg,mouse
00662.jpg,walrus
02087.jpg,deer
02170.jpg,pig
00473.jpg,cow
02713.jpg,rat
02122.jpg,mouse
02081.jpg,raccoon
02763.jpg,mouse
02951.jpg,ox
02935.jpg,skunk
01430.jpg,chihuahua
02487.jpg,spider+monkey
02524.jpg,pig
02180.jpg,raccoon
02878.jpg,lion
01641.jpg,ox
02444.jpg,giant+panda
01344.jpg,german+shepherd
00861.jpg,persian+cat
02332.jpg,chimpanzee
02447.jpg,raccoon
00229.jpg,hamster
02695.jpg,mouse
01780.jpg,giraffe
01251.jpg,dalmatian
02717.jpg,cow
02138.jpg,polar+bear
01844.jpg,hamster
01142.jpg,zebra
02536.jpg,ox
01107.jpg,chihuahua
02155.jpg,hippopotamus
00501.jpg,ox
00820.jpg,ox
00640.jpg,deer
02838.jpg,skunk
02785.jpg,spider+monkey
02749.jpg,antelope
01040.jpg,persian+cat
02562.jpg,deer
01772.jpg,ox
01453.jpg,pig
00293.jpg,spider+monkey
00994.jpg,rat
02753.jpg,rat
00955.jpg,walrus
02306.jpg,killer+whale
02072.jpg,gorilla
00684.jpg,chihuahua
01101.jpg,buffalo
02304.jpg,gorilla
02092.jpg,mouse
00829.jpg,siamese+cat
00964.jpg,giraffe
00120.jpg,bat
00949.jpg,chihuahua
01691.jpg,dalmatian
00548.jpg,giant+panda
00724.jpg,buffalo
02038.jpg,chihuahua
02503.jpg,cow
02026.jpg,hippopotamus
01707.jpg,humpback+whale
01216.jpg,collie
01826.jpg,seal
01253.jpg,otter
01148.jpg,antelope
00251.jpg,pig
00154.jpg,dolphin
02381.jpg,elephant
01952.jpg,killer+whale
01968.jpg,mole
02014.jpg,elephant
00525.jpg,rat
02560.jpg,zebra
00214.jpg,weasel
01192.jpg,killer+whale
01702.jpg,raccoon
00245.jpg,lion
00732.jpg,deer
02379.jpg,german+shepherd
00563.jpg,spider+monkey
02386.jpg,beaver
00250.jpg,ox
00527.jpg,pig
01392.jpg,deer
02086.jpg,skunk
00140.jpg,pig
00553.jpg,humpback+whale
00800.jpg,chihuahua
00677.jpg,chimpanzee
02862.jpg,pig
00761.jpg,humpback+whale
00602.jpg,otter
01262.jpg,mole
02958.jpg,cow
00263.jpg,tiger
00574.jpg,mouse
00690.jpg,elephant
02492.jpg,wolf
02690.jpg,tiger
02741.jpg,elephant
01688.jpg,zebra
01891.jpg,spider+monkey
01690.jpg,cow
00578.jpg,seal
01910.jpg,skunk
02152.jpg,humpback+whale
02877.jpg,spider+monkey
00145.jpg,buffalo
00001.jpg,raccoon
01579.jpg,tiger
02617.jpg,deer
00472.jpg,zebra
02135.jpg,cow
02433.jpg,ox
00751.jpg,chihuahua
00127.jpg,ox
00479.jpg,chihuahua
01865.jpg,skunk
01581.jpg,beaver
00417.jpg,mouse
00077.jpg,german+shepherd
02942.jpg,pig
00355.jpg,deer
00510.jpg,grizzly+bear
00045.jpg,cow
02699.jpg,rat
01687.jpg,rat
02190.jpg,walrus
01501.jpg,leopard
02782.jpg,chihuahua
00930.jpg,raccoon
00895.jpg,hippopotamus
02391.jpg,zebra
02402.jpg,deer
02789.jpg,wolf
02985.jpg,mouse
00071.jpg,ox
01064.jpg,hippopotamus
02566.jpg,dalmatian
02302.jpg,otter
00697.jpg,raccoon
02497.jpg,hamster
00773.jpg,siamese+cat
01635.jpg,cow
02010.jpg,bat
02604.jpg,beaver
01428.jpg,zebra
01229.jpg,beaver
00642.jpg,weasel
00686.jpg,elephant
02017.jpg,polar+bear
00398.jpg,zebra
01834.jpg,humpback+whale
02068.jpg,cow
02376.jpg,german+shepherd
01675.jpg,german+shepherd
02952.jpg,spider+monkey
01452.jpg,chimpanzee
00163.jpg,humpback+whale
02875.jpg,spider+monkey
00693.jpg,giant+panda
02047.jpg,grizzly+bear
01791.jpg,polar+bear
00931.jpg,killer+whale
02506.jpg,hippopotamus
00859.jpg,weasel
02704.jpg,otter
00718.jpg,wolf
01443.jpg,deer
01661.jpg,german+shepherd
01365.jpg,dolphin
00862.jpg,buffalo
00975.jpg,chihuahua
02370.jpg,otter
01926.jpg,bat
00200.jpg,rat
02752.jpg,antelope
02203.jpg,persian+cat
02296.jpg,ox
00575.jpg,deer
02223.jpg,german+shepherd
00536.jpg,pig
02080.jpg,lion
02576.jpg,siamese+cat
02815.jpg,lion
00480.jpg,siamese+cat
01108.jpg,persian+cat
00012.jpg,seal
00125.jpg,giant+panda
00149.jpg,pig
00891.jpg,deer
00991.jpg,pig
01014.jpg,antelope
00373.jpg,cow
01334.jpg,spider+monkey
00053.jpg,bat
02940.jpg,grizzly+bear
01841.jpg,lion
00688.jpg,chihuahua
02453.jpg,walrus
00058.jpg,dolphin
02258.jpg,mouse
02986.jpg,antelope
00821.jpg,persian+cat
02393.jpg,spider+monkey
02709.jpg,chihuahua
00352.jpg,chihuahua
01011.jpg,chihuahua
01405.jpg,german+shepherd
02211.jpg,spider+monkey
02596.jpg,deer
00546.jpg,ox
01348.jpg,dolphin
00588.jpg,deer
01604.jpg,deer
00080.jpg,beaver
01595.jpg,leopard
01333.jpg,hippopotamus
01527.jpg,cow
01258.jpg,chihuahua
01798.jpg,otter
01052.jpg,tiger
02901.jpg,spider+monkey
02486.jpg,mouse
01788.jpg,lion
01991.jpg,german+shepherd
02267.jpg,chihuahua
00449.jpg,chihuahua
01356.jpg,giant+panda
01733.jpg,chihuahua
00957.jpg,chihuahua
01546.jpg,humpback+whale
01977.jpg,hippopotamus
01806.jpg,antelope
02241.jpg,bobcat
02022.jpg,chihuahua
00638.jpg,spider+monkey
01075.jpg,bat
02754.jpg,ox
00383.jpg,giraffe
02023.jpg,skunk
01967.jpg,mouse
00267.jpg,mole
01807.jpg,deer
01515.jpg,tiger
01474.jpg,cow
00538.jpg,killer+whale
00365.jpg,chihuahua
00544.jpg,antelope
01622.jpg,chihuahua
00742.jpg,zebra
02869.jpg,deer
00741.jpg,persian+cat
00960.jpg,spider+monkey
01869.jpg,spider+monkey
00212.jpg,bobcat
00121.jpg,humpback+whale
02107.jpg,deer
00126.jpg,grizzly+bear
02821.jpg,polar+bear
02246.jpg,humpback+whale
00807.jpg,german+shepherd
01717.jpg,ox
01608.jpg,spider+monkey
00586.jpg,walrus
01200.jpg,polar+bear
01636.jpg,ox
01829.jpg,ox
00928.jpg,skunk
01735.jpg,beaver
00613.jpg,lion
00243.jpg,hippopotamus
01756.jpg,cow
01341.jpg,skunk
01843.jpg,raccoon
02035.jpg,rat
00438.jpg,hippopotamus
02657.jpg,giant+panda
01889.jpg,dalmatian
01054.jpg,tiger
02294.jpg,spider+monkey
02612.jpg,deer
00282.jpg,humpback+whale
01647.jpg,raccoon
02732.jpg,rat
00151.jpg,mole
02755.jpg,hippopotamus
00469.jpg,cow
02622.jpg,gorilla
01825.jpg,humpback+whale
01294.jpg,mole
01398.jpg,bobcat
00202.jpg,chimpanzee
02905.jpg,beaver
02971.jpg,chihuahua
00231.jpg,seal
01072.jpg,weasel
00289.jpg,walrus
00712.jpg,spider+monkey
01254.jpg,gorilla
00406.jpg,grizzly+bear
02271.jpg,chihuahua
00703.jpg,spider+monkey
00713.jpg,leopard
01363.jpg,hamster
02946.jpg,weasel
00572.jpg,gorilla
01563.jpg,dolphin
02195.jpg,pig
00827.jpg,polar+bear
02060.jpg,german+shepherd
00426.jpg,raccoon
00286.jpg,mouse
02786.jpg,chihuahua
01814.jpg,humpback+whale
00063.jpg,bobcat
00048.jpg,beaver
00830.jpg,german+shepherd
01355.jpg,rat
00933.jpg,weasel
02664.jpg,wolf
02513.jpg,seal
01882.jpg,mouse
00146.jpg,zebra
00461.jpg,ox
02363.jpg,deer
00205.jpg,rat
01036.jpg,gorilla
02886.jpg,humpback+whale
00211.jpg,siamese+cat
02802.jpg,rat
01183.jpg,bobcat
00124.jpg,pig
00336.jpg,ox
01240.jpg,ox
01716.jpg,wolf
02108.jpg,pig
02742.jpg,otter
01609.jpg,spider+monkey
02893.jpg,spider+monkey
02318.jpg,antelope
02534.jpg,ox
02334.jpg,buffalo
00025.jpg,mouse
02839.jpg,gorilla
02522.jpg,lion
01087.jpg,seal
02359.jpg,dalmatian
01265.jpg,raccoon
02479.jpg,elephant
00113.jpg,wolf
01046.jpg,walrus
02248.jpg,ox
02736.jpg,walrus
00492.jpg,hippopotamus
01281.jpg,bobcat
01096.jpg,gorilla
02773.jpg,skunk
02467.jpg,deer
02737.jpg,tiger
00483.jpg,spider+monkey
02572.jpg,zebra
01633.jpg,german+shepherd
01162.jpg,ox
02169.jpg,otter
01553.jpg,cow
00157.jpg,bobcat
01526.jpg,mouse
00752.jpg,mouse
00272.jpg,elephant
02632.jpg,rat
01350.jpg,wolf
01523.jpg,weasel
02462.jpg,cow
01315.jpg,spider+monkey
01450.jpg,german+shepherd
02720.jpg,lion
01813.jpg,gorilla
00488.jpg,dalmatian
00464.jpg,lion
00103.jpg,deer
02372.jpg,ox
01272.jpg,chihuahua
01492.jpg,lion
00600.jpg,elephant
00494.jpg,mouse
00437.jpg,siamese+cat
01435.jpg,antelope
01845.jpg,walrus
02199.jpg,buffalo
00911.jpg,giant+panda
02139.jpg,walrus
02100.jpg,mouse
02874.jpg,buffalo
01144.jpg,spider+monkey
02915.jpg,deer
01896.jpg,rat
02320.jpg,spider+monkey
01931.jpg,spider+monkey
01605.jpg,seal
01989.jpg,pig
00271.jpg,deer
00841.jpg,polar+bear
02980.jpg,hamster
00885.jpg,giraffe
00731.jpg,dalmatian
00013.jpg,mouse
01573.jpg,chihuahua
01915.jpg,chihuahua
02193.jpg,grizzly+bear
01644.jpg,deer
02726.jpg,mole
01966.jpg,cow
00849.jpg,spider+monkey
02619.jpg,gorilla
01484.jpg,beaver
01543.jpg,german+shepherd
01610.jpg,pig
01290.jpg,ox
01013.jpg,beaver
01514.jpg,gorilla
00637.jpg,ox
01244.jpg,spider+monkey
01712.jpg,skunk
00170.jpg,chihuahua
02963.jpg,deer
01090.jpg,spider+monkey
02394.jpg,cow
01961.jpg,spider+monkey
02321.jpg,ox
01381.jpg,deer
01842.jpg,pig
01944.jpg,cow
02088.jpg,seal
00395.jpg,collie
00656.jpg,gorilla
01940.jpg,deer
00100.jpg,weasel
00128.jpg,deer
00206.jpg,pig
00623.jpg,skunk
00766.jpg,persian+cat
00908.jpg,lion
01112.jpg,deer
01295.jpg,ox
02904.jpg,deer
02846.jpg,dalmatian
00865.jpg,polar+bear
00840.jpg,ox
02659.jpg,weasel
00621.jpg,spider+monkey
00509.jpg,pig
01984.jpg,weasel
00391.jpg,spider+monkey
01079.jpg,skunk
01028.jpg,persian+cat
01469.jpg,mole
02745.jpg,beaver
01887.jpg,wolf
01074.jpg,pig
00559.jpg,bobcat
02502.jpg,rat
02221.jpg,spider+monkey
01506.jpg,chihuahua
01970.jpg,humpback+whale
02607.jpg,elephant
01630.jpg,dolphin
02624.jpg,dolphin
00978.jpg,otter
01920.jpg,polar+bear
00882.jpg,weasel
02013.jpg,deer
02478.jpg,german+shepherd
02382.jpg,spider+monkey
02410.jpg,mouse
02413.jpg,antelope
01746.jpg,bat
00904.jpg,cow
02075.jpg,mole
02204.jpg,cow
01402.jpg,leopard
02149.jpg,beaver
00186.jpg,hamster
00793.jpg,rat
01812.jpg,hippopotamus
02216.jpg,chihuahua
00405.jpg,walrus
00321.jpg,humpback+whale
00832.jpg,german+shepherd
02529.jpg,spider+monkey
02896.jpg,lion
01282.jpg,dolphin
00301.jpg,elephant
00723.jpg,killer+whale
00376.jpg,cow
02887.jpg,mouse
02652.jpg,buffalo
00920.jpg,siamese+cat
00567.jpg,ox
01434.jpg,hippopotamus
01599.jpg,spider+monkey
00306.jpg,giant+panda
02250.jpg,pig
01721.jpg,mole
00528.jpg,giraffe
01664.jpg,elephant
00799.jpg,hippopotamus
02301.jpg,ox
00192.jpg,bat
01032.jpg,rat
02725.jpg,skunk
02461.jpg,dolphin
02412.jpg,polar+bear
00982.jpg,deer
01034.jpg,cow
00360.jpg,antelope
00203.jpg,bat
01019.jpg,deer
00825.jpg,german+shepherd
02884.jpg,ox
01129.jpg,humpback+whale
00529.jpg,grizzly+bear
00630.jpg,seal
01213.jpg,deer
02863.jpg,mole
01323.jpg,cow
01393.jpg,giant+panda
02044.jpg,siamese+cat
01700.jpg,humpback+whale
00047.jpg,spider+monkey
02672.jpg,killer+whale
00248.jpg,dolphin
00017.jpg,weasel
00265.jpg,siamese+cat
01308.jpg,bat
02377.jpg,antelope
01424.jpg,chihuahua
02097.jpg,chihuahua
00354.jpg,weasel
00344.jpg,buffalo
02558.jpg,mouse
00310.jpg,bobcat
02482.jpg,antelope
01658.jpg,chihuahua
00576.jpg,german+shepherd
02032.jpg,wolf
01304.jpg,cow
02966.jpg,mouse
01207.jpg,deer
00115.jpg,german+shepherd
02772.jpg,spider+monkey
01903.jpg,giraffe
01317.jpg,lion
01243.jpg,chihuahua
01679.jpg,rat
02043.jpg,ox
00809.jpg,german+shepherd
02018.jpg,buffalo
01115.jpg,spider+monkey
02261.jpg,elephant
01974.jpg,cow
02128.jpg,chimpanzee
02364.jpg,elephant
01390.jpg,chihuahua
00889.jpg,hippopotamus
01587.jpg,mouse
01725.jpg,mouse
00652.jpg,persian+cat
02378.jpg,antelope
00941.jpg,ox
01461.jpg,walrus
02446.jpg,giant+panda
02357.jpg,chihuahua
02540.jpg,spider+monkey
02202.jpg,wolf
02142.jpg,zebra
02976.jpg,seal
01206.jpg,mole
02146.jpg,rat
02642.jpg,pig
02550.jpg,pig
02008.jpg,pig
00979.jpg,bobcat
00490.jpg,siamese+cat
02994.jpg,antelope
01715.jpg,humpback+whale
02891.jpg,pig
00918.jpg,bat
00204.jpg,german+shepherd
00792.jpg,cow
01083.jpg,spider+monkey
02063.jpg,bat
00698.jpg,killer+whale
00148.jpg,lion
02845.jpg,humpback+whale
00131.jpg,polar+bear
02484.jpg,spider+monkey
02460.jpg,rat
02348.jpg,mole
02315.jpg,beaver
01929.jpg,grizzly+bear
02511.jpg,german+shepherd
02565.jpg,chihuahua
01731.jpg,pig
01047.jpg,zebra
02941.jpg,spider+monkey
01503.jpg,deer
02613.jpg,ox
00261.jpg,persian+cat
01956.jpg,cow
01168.jpg,dolphin
01895.jpg,rat
01781.jpg,mole
00779.jpg,deer
01056.jpg,persian+cat
02222.jpg,cow
00744.jpg,humpback+whale
02111.jpg,pig
00582.jpg,persian+cat
00989.jpg,beaver
02733.jpg,antelope
00224.jpg,cow
00599.jpg,elephant
01871.jpg,mole
02423.jpg,mouse
00518.jpg,chihuahua
02527.jpg,spider+monkey
02930.jpg,walrus
02578.jpg,persian+cat
00537.jpg,mouse
01033.jpg,mouse
00714.jpg,buffalo
02910.jpg,giraffe
00651.jpg,rat
01066.jpg,walrus
01663.jpg,weasel
01518.jpg,skunk
02689.jpg,deer
01950.jpg,pig
00010.jpg,lion
01890.jpg,zebra
00778.jpg,spider+monkey
00877.jpg,spider+monkey
02903.jpg,blue+whale
00826.jpg,hamster
02347.jpg,siamese+cat
02468.jpg,seal
02264.jpg,chihuahua
02356.jpg,german+shepherd
01969.jpg,persian+cat
02419.jpg,german+shepherd
01703.jpg,rat
02561.jpg,pig
02892.jpg,rat
02519.jpg,weasel
01669.jpg,spider+monkey
02324.jpg,cow
02768.jpg,antelope
00558.jpg,spider+monkey
02616.jpg,pig
02890.jpg,grizzly+bear
02123.jpg,humpback+whale
01879.jpg,chihuahua
00738.jpg,skunk
02598.jpg,zebra
01840.jpg,giraffe
01249.jpg,deer
01446.jpg,pig
01098.jpg,pig
01960.jpg,deer
02650.jpg,ox
02287.jpg,otter
00412.jpg,cow
01177.jpg,elephant
01808.jpg,spider+monkey
02262.jpg,antelope
01982.jpg,antelope
01335.jpg,dalmatian
00962.jpg,walrus
02028.jpg,tiger
00434.jpg,killer+whale
00837.jpg,cow
01954.jpg,spider+monkey
00302.jpg,polar+bear
01153.jpg,dalmatian
02702.jpg,bobcat
00481.jpg,persian+cat
00824.jpg,wolf
00670.jpg,walrus
01043.jpg,zebra
01656.jpg,ox
00323.jpg,spider+monkey
00036.jpg,bat
00664.jpg,polar+bear
01951.jpg,ox
01302.jpg,skunk
00230.jpg,humpback+whale
00404.jpg,ox
02539.jpg,skunk
00966.jpg,bobcat
02408.jpg,chihuahua
01010.jpg,weasel
00864.jpg,rat
01831.jpg,spider+monkey
00711.jpg,humpback+whale
00981.jpg,wolf
00668.jpg,pig
02996.jpg,antelope
02916.jpg,deer
01753.jpg,mouse
00370.jpg,siamese+cat
00085.jpg,ox
00153.jpg,cow
02102.jpg,spider+monkey
01561.jpg,pig
00540.jpg,weasel
01454.jpg,pig
01442.jpg,rat
01795.jpg,german+shepherd
00923.jpg,buffalo
01785.jpg,blue+whale
01667.jpg,siamese+cat
02189.jpg,walrus
01729.jpg,spider+monkey
00524.jpg,weasel
02300.jpg,weasel
02658.jpg,otter
00050.jpg,otter
02084.jpg,german+shepherd
02918.jpg,grizzly+bear
01498.jpg,spider+monkey
00818.jpg,otter
02272.jpg,rat
02440.jpg,chimpanzee
02739.jpg,grizzly+bear
02697.jpg,cow
00451.jpg,pig
00592.jpg,zebra
02630.jpg,leopard
02871.jpg,dalmatian
01313.jpg,bobcat
02280.jpg,grizzly+bear
02274.jpg,killer+whale
00874.jpg,deer
01004.jpg,mole
02046.jpg,german+shepherd
00755.jpg,blue+whale
00218.jpg,rat
00719.jpg,skunk
02852.jpg,bobcat
02771.jpg,hamster
00190.jpg,chihuahua
02101.jpg,zebra
02477.jpg,dolphin
01205.jpg,tiger
00123.jpg,giraffe
01557.jpg,chihuahua
00075.jpg,dalmatian
02925.jpg,otter
00099.jpg,bat
00565.jpg,polar+bear
01932.jpg,siamese+cat
01015.jpg,chihuahua
01189.jpg,siamese+cat
02358.jpg,walrus
00967.jpg,wolf
01311.jpg,leopard
02712.jpg,german+shepherd
00393.jpg,pig
02989.jpg,hippopotamus
02405.jpg,bobcat
01821.jpg,skunk
01399.jpg,spider+monkey
02147.jpg,rat
00209.jpg,wolf
00066.jpg,ox
00905.jpg,deer
00098.jpg,spider+monkey
02151.jpg,leopard
00262.jpg,giant+panda
00803.jpg,gorilla
01631.jpg,rat
02005.jpg,german+shepherd
00314.jpg,bat
00244.jpg,wolf
02810.jpg,ox
01933.jpg,cow
02661.jpg,wolf
02351.jpg,hippopotamus
00191.jpg,buffalo
01976.jpg,bobcat
01567.jpg,persian+cat
02955.jpg,gorilla
02002.jpg,leopard
01266.jpg,seal
02481.jpg,mouse
02172.jpg,ox
01532.jpg,zebra
00934.jpg,german+shepherd
02220.jpg,elephant
01092.jpg,german+shepherd
01762.jpg,seal
01860.jpg,bat
02117.jpg,deer
01099.jpg,beaver
02239.jpg,deer
01584.jpg,tiger
02244.jpg,skunk
01396.jpg,giant+panda
00503.jpg,weasel
02177.jpg,collie
01476.jpg,chihuahua
02293.jpg,lion
00174.jpg,buffalo
02510.jpg,seal
01544.jpg,wolf
01987.jpg,german+shepherd
00888.jpg,deer
00225.jpg,skunk
00079.jpg,antelope
02065.jpg,german+shepherd
02691.jpg,chihuahua
00281.jpg,antelope
01681.jpg,elephant
00912.jpg,elephant
01657.jpg,blue+whale
02983.jpg,rat
00909.jpg,german+shepherd
00358.jpg,walrus
02928.jpg,persian+cat
02439.jpg,mouse
00579.jpg,deer
02587.jpg,ox
02939.jpg,pig
01009.jpg,wolf
02341.jpg,cow
01912.jpg,killer+whale
00082.jpg,deer
01041.jpg,antelope
01898.jpg,wolf
01799.jpg,pig
00519.jpg,antelope
00094.jpg,buffalo
01570.jpg,persian+cat
00452.jpg,hamster
01157.jpg,dolphin
00543.jpg,lion
02767.jpg,giant+panda
01711.jpg,beaver
00736.jpg,beaver
01197.jpg,lion
00948.jpg,walrus
02406.jpg,otter
00414.jpg,bobcat
02505.jpg,ox
01512.jpg,wolf
00337.jpg,otter
02559.jpg,ox
02804.jpg,lion
01938.jpg,spider+monkey
02684.jpg,hippopotamus
00338.jpg,pig
02931.jpg,mouse
00408.jpg,leopard
01060.jpg,bat
02842.jpg,hippopotamus
01682.jpg,deer
02545.jpg,weasel
00041.jpg,spider+monkey
00988.jpg,weasel
01343.jpg,deer
01893.jpg,weasel
00504.jpg,leopard
01511.jpg,siamese+cat
00295.jpg,ox
01919.jpg,tiger
01743.jpg,grizzly+bear
02575.jpg,skunk
01697.jpg,wolf
01857.jpg,collie
02104.jpg,polar+bear
02113.jpg,deer
00508.jpg,mouse
00539.jpg,wolf
01751.jpg,bobcat
01749.jpg,giant+panda
01541.jpg,walrus
02229.jpg,lion
00764.jpg,german+shepherd
02384.jpg,german+shepherd
01935.jpg,buffalo
01230.jpg,giraffe
01182.jpg,mouse
01817.jpg,chihuahua
00701.jpg,zebra
01686.jpg,seal
02176.jpg,wolf
02131.jpg,hippopotamus
00108.jpg,humpback+whale
01583.jpg,cow
02490.jpg,leopard
02263.jpg,seal
01575.jpg,deer
00774.jpg,german+shepherd
02646.jpg,pig
02407.jpg,hamster
00445.jpg,spider+monkey
02132.jpg,pig
01203.jpg,gorilla
01525.jpg,mouse
00992.jpg,antelope
02912.jpg,hippopotamus
01278.jpg,killer+whale
00256.jpg,hippopotamus
02030.jpg,chihuahua
01378.jpg,cow
00675.jpg,wolf
02627.jpg,hippopotamus
00647.jpg,mouse
02535.jpg,pig
00368.jpg,chihuahua
01267.jpg,weasel
01694.jpg,cow
00631.jpg,giraffe
02979.jpg,deer
02054.jpg,zebra
02056.jpg,polar+bear
00350.jpg,cow
01739.jpg,pig
02582.jpg,rat
02687.jpg,ox
00772.jpg,spider+monkey
00016.jpg,humpback+whale
02076.jpg,spider+monkey
00119.jpg,zebra
01357.jpg,persian+cat
02525.jpg,deer
01361.jpg,chihuahua
02095.jpg,skunk
00863.jpg,rat
02164.jpg,hippopotamus
00317.jpg,dalmatian
01997.jpg,giant+panda
01699.jpg,chihuahua
01574.jpg,bat
00371.jpg,spider+monkey
02640.jpg,giant+panda
01520.jpg,tiger
01269.jpg,pig
02219.jpg,persian+cat
02729.jpg,mouse
01324.jpg,spider+monkey
00432.jpg,hippopotamus
01190.jpg,hamster
02218.jpg,persian+cat
01757.jpg,hippopotamus
02974.jpg,zebra
00685.jpg,chihuahua
00184.jpg,deer
02937.jpg,leopard
01124.jpg,weasel
00728.jpg,giraffe
00329.jpg,ox
01736.jpg,deer
00534.jpg,spider+monkey
00589.jpg,otter
02346.jpg,siamese+cat
02237.jpg,chimpanzee
02669.jpg,siamese+cat
00283.jpg,ox
01491.jpg,pig
02521.jpg,killer+whale
01379.jpg,antelope
01210.jpg,polar+bear
02286.jpg,raccoon
00883.jpg,chihuahua
00987.jpg,deer
00961.jpg,spider+monkey
01237.jpg,skunk
01640.jpg,wolf
01730.jpg,deer
00927.jpg,leopard
01830.jpg,deer
02303.jpg,giant+panda
02648.jpg,rat
02833.jpg,rat
00457.jpg,buffalo
02592.jpg,antelope
01538.jpg,deer
00674.jpg,buffalo
01070.jpg,bobcat
02981.jpg,ox
00141.jpg,chimpanzee
02483.jpg,chihuahua
01497.jpg,hippopotamus
00102.jpg,mole
01226.jpg,weasel
02230.jpg,cow
00791.jpg,giant+panda
00134.jpg,chihuahua
00169.jpg,pig
02058.jpg,wolf
02020.jpg,deer
02844.jpg,deer
02141.jpg,skunk
01400.jpg,hippopotamus
02037.jpg,deer
01427.jpg,chihuahua
00768.jpg,deer
02548.jpg,mole
01383.jpg,wolf
00532.jpg,mole
00443.jpg,rat
01178.jpg,weasel
01456.jpg,pig
00447.jpg,bobcat
00921.jpg,deer
00433.jpg,dalmatian
01276.jpg,skunk
01180.jpg,hippopotamus
00118.jpg,humpback+whale
02866.jpg,ox
00797.jpg,cow
00369.jpg,giant+panda
02850.jpg,bat
02867.jpg,leopard
01463.jpg,cow
02078.jpg,polar+bear
02454.jpg,german+shepherd
00401.jpg,buffalo
00932.jpg,german+shepherd
02967.jpg,otter
00375.jpg,cow
00786.jpg,mouse
02865.jpg,ox
02012.jpg,seal
00610.jpg,rat
01549.jpg,mouse
00541.jpg,rat
01706.jpg,giraffe
00241.jpg,walrus
00015.jpg,mouse
01082.jpg,otter
02812.jpg,dolphin
01778.jpg,deer
01332.jpg,hippopotamus
00520.jpg,ox
02224.jpg,skunk
01279.jpg,cow
01385.jpg,bat
01260.jpg,killer+whale
01650.jpg,chihuahua
02806.jpg,polar+bear
01930.jpg,beaver
00846.jpg,elephant
02016.jpg,siamese+cat
01407.jpg,giant+panda
02813.jpg,leopard
01934.jpg,chihuahua
00550.jpg,bat
01828.jpg,lion
00547.jpg,dolphin
01055.jpg,mole
02683.jpg,chihuahua
01080.jpg,rat
00823.jpg,rat
01590.jpg,chihuahua
00555.jpg,cow
02049.jpg,deer
02033.jpg,pig
02805.jpg,otter
01291.jpg,cow
00239.jpg,humpback+whale
00552.jpg,ox
00902.jpg,humpback+whale
00502.jpg,hippopotamus
01516.jpg,weasel
02651.jpg,seal
01211.jpg,spider+monkey
01972.jpg,hamster
01941.jpg,killer+whale
01754.jpg,spider+monkey
00257.jpg,spider+monkey
01637.jpg,ox
02701.jpg,persian+cat
01471.jpg,tiger
00505.jpg,deer
02746.jpg,beaver
01741.jpg,giant+panda
02411.jpg,wolf
00172.jpg,deer
01174.jpg,chihuahua
02431.jpg,humpback+whale
01466.jpg,buffalo
01606.jpg,dalmatian
02276.jpg,seal
01242.jpg,weasel
00587.jpg,killer+whale
00068.jpg,leopard
00612.jpg,cow
00446.jpg,weasel
01654.jpg,killer+whale
02077.jpg,beaver
00067.jpg,hippopotamus
00139.jpg,pig
01370.jpg,cow
00318.jpg,ox
00367.jpg,siamese+cat
00831.jpg,skunk
01470.jpg,ox
01202.jpg,persian+cat
02401.jpg,hippopotamus
01044.jpg,bat
01441.jpg,ox
01701.jpg,humpback+whale
00835.jpg,spider+monkey
00055.jpg,chihuahua
02079.jpg,antelope
02183.jpg,deer
01740.jpg,rat
02090.jpg,raccoon
01507.jpg,weasel
02825.jpg,spider+monkey
00083.jpg,dolphin
02816.jpg,chihuahua
01459.jpg,lion
02923.jpg,otter
02830.jpg,grizzly+bear
02681.jpg,spider+monkey
02698.jpg,zebra
00213.jpg,grizzly+bear
01783.jpg,mole
01048.jpg,weasel
00070.jpg,giant+panda
02395.jpg,walrus
02124.jpg,deer
00607.jpg,spider+monkey
01832.jpg,deer
01236.jpg,seal
02547.jpg,pig
02409.jpg,cow
00758.jpg,rat
00747.jpg,mole
01983.jpg,deer
01994.jpg,antelope
02129.jpg,deer
00919.jpg,otter
01342.jpg,raccoon
00216.jpg,hamster
02197.jpg,ox
01531.jpg,dalmatian
01537.jpg,chihuahua
01710.jpg,skunk
00326.jpg,weasel
01316.jpg,cow
01451.jpg,persian+cat
00523.jpg,rat
00002.jpg,blue+whale
01524.jpg,dolphin
02574.jpg,hamster
02082.jpg,skunk
01517.jpg,buffalo
00603.jpg,persian+cat
00423.jpg,walrus
02114.jpg,raccoon
00526.jpg,giant+panda
00292.jpg,chihuahua
00770.jpg,rat
02791.jpg,ox
01846.jpg,wolf
02288.jpg,ox
02828.jpg,humpback+whale
00673.jpg,spider+monkey
01404.jpg,mouse
00491.jpg,mole
02615.jpg,raccoon
01482.jpg,humpback+whale
00851.jpg,chihuahua
01448.jpg,antelope
01958.jpg,leopard
00478.jpg,lion
00424.jpg,gorilla
02760.jpg,giraffe
00487.jpg,polar+bear
00470.jpg,hippopotamus
02232.jpg,ox
01078.jpg,chihuahua
01928.jpg,giant+panda
02906.jpg,walrus
01021.jpg,ox
01417.jpg,polar+bear
00290.jpg,grizzly+bear
00880.jpg,hippopotamus
02723.jpg,buffalo
02214.jpg,deer
01163.jpg,deer
01723.jpg,deer
01312.jpg,seal
00591.jpg,mole
00866.jpg,humpback+whale
00577.jpg,deer
00152.jpg,bat
00970.jpg,hamster
00999.jpg,rat
01195.jpg,seal
01536.jpg,deer
01208.jpg,cow
00078.jpg,tiger
02964.jpg,killer+whale
02055.jpg,bat
01170.jpg,ox
01769.jpg,cow
00783.jpg,deer
02196.jpg,leopard
01708.jpg,wolf
02167.jpg,hippopotamus
02849.jpg,mouse
02694.jpg,chihuahua
00836.jpg,chihuahua
01904.jpg,killer+whale
02991.jpg,raccoon
01766.jpg,antelope
02514.jpg,lion
01111.jpg,chihuahua
01391.jpg,chihuahua
01328.jpg,wolf
02469.jpg,spider+monkey
00917.jpg,skunk
00327.jpg,weasel
00240.jpg,deer
00436.jpg,spider+monkey
01479.jpg,elephant
01086.jpg,walrus
00958.jpg,spider+monkey
02243.jpg,raccoon
02247.jpg,giraffe
02947.jpg,deer
00953.jpg,spider+monkey
01030.jpg,deer
00114.jpg,german+shepherd
01709.jpg,leopard
00233.jpg,killer+whale
00811.jpg,giraffe
00227.jpg,deer
02610.jpg,buffalo
01120.jpg,otter
00039.jpg,walrus
01720.jpg,chihuahua
00024.jpg,walrus
01673.jpg,chihuahua
00875.jpg,chihuahua
00493.jpg,spider+monkey
00672.jpg,killer+whale
01436.jpg,seal
01591.jpg,zebra
02879.jpg,skunk
01632.jpg,ox
01542.jpg,pig
02361.jpg,raccoon
01586.jpg,persian+cat
00474.jpg,beaver
02422.jpg,hippopotamus
00788.jpg,ox
01900.jpg,grizzly+bear
02323.jpg,cow
01540.jpg,raccoon
02977.jpg,cow
02526.jpg,walrus
02758.jpg,ox
02533.jpg,giraffe
02295.jpg,humpback+whale
01432.jpg,deer
00138.jpg,german+shepherd
00356.jpg,seal
01628.jpg,grizzly+bear
00939.jpg,cow
02796.jpg,wolf
01833.jpg,dolphin
02298.jpg,deer
02606.jpg,weasel
00717.jpg,killer+whale
01119.jpg,weasel
01460.jpg,mole
01973.jpg,deer
02137.jpg,mouse
02913.jpg,rat
01651.jpg,chihuahua
02289.jpg,bobcat
00760.jpg,walrus
01039.jpg,grizzly+bear
00031.jpg,buffalo
02779.jpg,giant+panda
00133.jpg,siamese+cat
01007.jpg,chihuahua
00420.jpg,siamese+cat
02730.jpg,rat
01892.jpg,dalmatian
01338.jpg,elephant
02666.jpg,siamese+cat
01698.jpg,seal
00362.jpg,raccoon
02975.jpg,spider+monkey
01303.jpg,buffalo
02573.jpg,buffalo
02345.jpg,walrus
02512.jpg,humpback+whale
02898.jpg,hippopotamus
00379.jpg,wolf
00676.jpg,weasel
00136.jpg,deer
00093.jpg,grizzly+bear
01571.jpg,hippopotamus
01225.jpg,chihuahua
01577.jpg,german+shepherd
00566.jpg,ox
01455.jpg,siamese+cat
02397.jpg,giraffe
01444.jpg,otter
02328.jpg,ox
01285.jpg,antelope
02718.jpg,mouse
01771.jpg,hippopotamus
00860.jpg,seal
02057.jpg,otter
00026.jpg,pig
00450.jpg,bobcat
00854.jpg,bobcat
02154.jpg,antelope
01513.jpg,chihuahua
02552.jpg,german+shepherd
00236.jpg,buffalo
00557.jpg,hippopotamus
01051.jpg,cow
02728.jpg,pig
00633.jpg,wolf
01305.jpg,antelope
00307.jpg,mouse
01349.jpg,rat
02350.jpg,killer+whale
01483.jpg,pig
02688.jpg,pig
01674.jpg,rat
01241.jpg,killer+whale
01612.jpg,siamese+cat
02692.jpg,giant+panda
00353.jpg,collie
00374.jpg,seal
01367.jpg,weasel
02130.jpg,giraffe
02051.jpg,seal
00484.jpg,hippopotamus
00794.jpg,giraffe
00335.jpg,chihuahua
01468.jpg,gorilla
00389.jpg,dolphin
02528.jpg,pig
00584.jpg,chihuahua
00396.jpg,pig
01560.jpg,beaver
01592.jpg,german+shepherd
00604.jpg,wolf
01109.jpg,walrus
00193.jpg,walrus
02354.jpg,grizzly+bear
02840.jpg,wolf
01300.jpg,collie
00870.jpg,tiger
00223.jpg,hippopotamus
01050.jpg,skunk
02628.jpg,killer+whale
00155.jpg,deer
00915.jpg,cow
01297.jpg,walrus
01488.jpg,humpback+whale
00707.jpg,hippopotamus
02808.jpg,elephant
01848.jpg,hamster
02311.jpg,zebra
01884.jpg,ox
01685.jpg,chihuahua
01485.jpg,killer+whale
01061.jpg,hippopotamus
00035.jpg,giraffe
01201.jpg,giant+panda
01742.jpg,spider+monkey
01114.jpg,ox
01959.jpg,deer
00661.jpg,ox
00947.jpg,spider+monkey
01145.jpg,beaver
02136.jpg,walrus
01789.jpg,pig
02045.jpg,chihuahua
01925.jpg,rat
00857.jpg,pig
01670.jpg,weasel
02911.jpg,antelope
01438.jpg,chihuahua
02458.jpg,leopard
02827.jpg,wolf
01914.jpg,grizzly+bear
01426.jpg,skunk
01005.jpg,pig
02530.jpg,ox
00399.jpg,hamster
01924.jpg,ox
02682.jpg,persian+cat
00667.jpg,ox
02052.jpg,deer
01759.jpg,pig
02919.jpg,pig
02452.jpg,rat
00382.jpg,lion
02676.jpg,pig
02435.jpg,hamster
00594.jpg,weasel
02793.jpg,deer
01268.jpg,deer
00287.jpg,seal
00812.jpg,german+shepherd
01655.jpg,buffalo
02649.jpg,ox
00842.jpg,antelope
02353.jpg,antelope
00084.jpg,walrus
01792.jpg,dalmatian
00210.jpg,dalmatian
00061.jpg,cow
02352.jpg,weasel
00757.jpg,chihuahua
02319.jpg,wolf
01601.jpg,cow
01135.jpg,pig
01166.jpg,pig
02322.jpg,seal
02577.jpg,antelope
02948.jpg,raccoon
02112.jpg,bobcat
00556.jpg,chihuahua
01816.jpg,pig
01309.jpg,rat
02895.jpg,rat
01999.jpg,dolphin
00221.jpg,gorilla
00330.jpg,gorilla
00709.jpg,elephant
02792.jpg,bat
01152.jpg,spider+monkey
00348.jpg,otter
00618.jpg,persian+cat
01113.jpg,tiger
02338.jpg,dalmatian
01196.jpg,seal
01073.jpg,wolf
00708.jpg,rat
01805.jpg,german+shepherd
00733.jpg,buffalo
00322.jpg,siamese+cat
01875.jpg,rat
00645.jpg,mole
00297.jpg,humpback+whale
00454.jpg,lion
02150.jpg,ox
02098.jpg,elephant
02034.jpg,hippopotamus
02608.jpg,humpback+whale
00897.jpg,spider+monkey
01613.jpg,rat
00669.jpg,hippopotamus
02614.jpg,persian+cat
00665.jpg,skunk
01692.jpg,hamster
00497.jpg,killer+whale
01154.jpg,persian+cat
00135.jpg,hippopotamus
01293.jpg,spider+monkey
00515.jpg,zebra
02277.jpg,mouse
01085.jpg,deer
01768.jpg,cow
00054.jpg,cow
00429.jpg,deer
02762.jpg,deer
01858.jpg,rat
01217.jpg,dolphin
02823.jpg,pig
02962.jpg,german+shepherd
02907.jpg,gorilla
02292.jpg,chihuahua
02920.jpg,seal
00658.jpg,ox
01576.jpg,leopard
02656.jpg,leopard
00771.jpg,polar+bear
02766.jpg,ox
01545.jpg,walrus
00513.jpg,beaver
00969.jpg,spider+monkey
01394.jpg,raccoon
00276.jpg,spider+monkey
02708.jpg,weasel
01939.jpg,bat
01238.jpg,ox
01359.jpg,mouse
00650.jpg,elephant
02645.jpg,pig
02953.jpg,german+shepherd
01412.jpg,beaver
00366.jpg,rat
01380.jpg,german+shepherd
01224.jpg,deer
02198.jpg,seal
02917.jpg,otter
02430.jpg,persian+cat
00598.jpg,deer
00726.jpg,grizzly+bear
01035.jpg,pig
00392.jpg,bat
00005.jpg,pig
01351.jpg,weasel
02498.jpg,grizzly+bear
00088.jpg,chihuahua
00898.jpg,gorilla
02036.jpg,humpback+whale
02999.jpg,leopard
01440.jpg,rat
01918.jpg,dalmatian
00147.jpg,chihuahua
00168.jpg,weasel
00167.jpg,raccoon
02644.jpg,walrus
01287.jpg,bobcat
02269.jpg,antelope
00729.jpg,pig
02145.jpg,leopard
02841.jpg,german+shepherd
00850.jpg,cow
00101.jpg,chihuahua
02629.jpg,grizzly+bear
01326.jpg,skunk
02307.jpg,chihuahua
02515.jpg,persian+cat
00876.jpg,elephant
00759.jpg,deer
00188.jpg,walrus
00400.jpg,dolphin
02414.jpg,chihuahua
00814.jpg,gorilla
00622.jpg,deer
02200.jpg,chihuahua
02474.jpg,german+shepherd
02207.jpg,skunk
02987.jpg,pig
01347.jpg,spider+monkey
02631.jpg,rat
00620.jpg,beaver
01909.jpg,gorilla
02960.jpg,spider+monkey
01360.jpg,bat
01990.jpg,bobcat
01416.jpg,antelope
01495.jpg,cow
00448.jpg,persian+cat
02868.jpg,gorilla
02929.jpg,mouse
02120.jpg,mouse
00737.jpg,elephant
00644.jpg,dolphin
00142.jpg,dalmatian
02234.jpg,otter
00175.jpg,german+shepherd
00657.jpg,rat
01429.jpg,ox
00750.jpg,german+shepherd
02004.jpg,chihuahua
00716.jpg,rat
01301.jpg,spider+monkey
01927.jpg,cow
01835.jpg,mole
02626.jpg,hippopotamus
02872.jpg,leopard
02465.jpg,ox
00032.jpg,hippopotamus
02584.jpg,deer
02523.jpg,pig
00313.jpg,skunk
01220.jpg,cow
01504.jpg,german+shepherd
02873.jpg,rat
00232.jpg,wolf
00616.jpg,seal
02564.jpg,lion
01472.jpg,ox
02188.jpg,humpback+whale
00980.jpg,chihuahua
02500.jpg,ox
02448.jpg,dolphin
01765.jpg,giraffe
00606.jpg,grizzly+bear
01477.jpg,bat
02820.jpg,ox
00845.jpg,killer+whale
01776.jpg,spider+monkey
01289.jpg,wolf
01770.jpg,pig
02213.jpg,deer
01141.jpg,dalmatian
01763.jpg,elephant
02922.jpg,otter
00590.jpg,deer
01373.jpg,spider+monkey
02333.jpg,cow
01185.jpg,deer
02807.jpg,spider+monkey
02083.jpg,spider+monkey
01564.jpg,pig
02390.jpg,pig
01025.jpg,rat
02106.jpg,chihuahua
02491.jpg,cow
00691.jpg,rat
02834.jpg,spider+monkey
00659.jpg,spider+monkey
01552.jpg,deer
01222.jpg,chihuahua
02998.jpg,dolphin
00180.jpg,spider+monkey
02242.jpg,ox
01923.jpg,antelope
01810.jpg,ox
00458.jpg,rat
02668.jpg,spider+monkey
02109.jpg,pig
00533.jpg,pig
02273.jpg,bobcat
00304.jpg,dalmatian
02959.jpg,walrus
00096.jpg,rat
01057.jpg,siamese+cat
02764.jpg,buffalo
00112.jpg,otter
02599.jpg,buffalo
01580.jpg,cow
02831.jpg,otter
02765.jpg,ox
00264.jpg,ox
00040.jpg,giraffe
00986.jpg,spider+monkey
00018.jpg,mole
00319.jpg,german+shepherd
01863.jpg,humpback+whale
02784.jpg,cow
02731.jpg,dolphin
01325.jpg,spider+monkey
00222.jpg,mouse
02956.jpg,dolphin
00117.jpg,spider+monkey
